crypto1,crypto2,HR,correlation,spread_mean,spread_std,categories
COTI,UTK,1.0763880423463403,0.9462976400828118,-0.09760762887531257,0.0956721591202243,Payments
