crypto1,crypto2,HR,correlation,spread_mean,spread_std,categories
RSR,LTO,1.289462348118338,0.9534779406743252,-2.568308294535043,0.10096025513943056,RWA
