crypto1,crypto2,HR,correlation,spread_mean,spread_std,categories
AR,HOT,1.2407961852248344,0.9526763201826727,9.927127179769307,0.097875891427032,zone
