crypto1,crypto2,HR,correlation,spread_mean,spread_std,categories
UNI,LDO,0.6434826078851491,0.7609551715683838,1.239174851410847,0.10584496286162207,defi
LDO,AAVE,0.7107683833762364,0.6993566860081125,-2.3388807120774566,0.13789441458464025,defi
LDO,KAVA,0.7556216399718191,0.6792692347935467,0.8636649924341987,0.14158234595426405,defi
LDO,CAKE,0.301402612346009,0.7203007057898203,0.48224135337146806,0.13382168598462083,defi
LDO,KLAY,0.6435121220622825,0.8414875852226424,1.8152693490924048,0.10423046297326817,defi
LDO,LUNC,0.32857389664904624,0.6573963762772422,3.735197716385956,0.14537435361721107,defi
LDO,CRV,0.47895413961610894,0.7378999739050909,0.8808233407514164,0.13020406660969638,defi
LDO,DYDX,0.5551036482712985,0.6653000471959186,0.2603749928274331,0.14402991383705,defi
