crypto1,crypto2,HR,correlation,spread_mean,spread_std,categories
GRT,THETA,0.9006129698318956,0.78175077716082,-2.010490526461806,0.1624426677536438,AI
GRT,NMR,1.0394369637628043,0.6854396887747483,-4.966872505391371,0.18967445852933493,AI
THETA,RLC,0.9450882647495666,0.9185939571166489,-0.47716209862524134,0.08936146185756756,AI
THETA,NMR,1.1359745148681253,0.8629975332907597,-3.2334692719289895,0.11423540866982919,AI
THETA,PHB,0.7076201636869851,0.8861399482633042,0.01341427966853814,0.10478594915200902,AI
RLC,NMR,1.1060846155125652,0.8645260903513484,-2.6569826395846827,0.1104571121520224,AI
RLC,PHB,0.693367544601841,0.8933351272765119,0.5055365810653476,0.09876568405634573,AI
NMR,PHB,0.5578090205038075,0.9194893065180277,2.8423096112445196,0.06752910670592137,AI
