crypto1,crypto2,HR,correlation,spread_mean,spread_std,categories
LDO,FXS,0.6815339861475904,0.8414583520459464,-0.6285410603834887,0.10423924632899575,liquid_staking
LDO,CHESS,0.4775729683302133,0.7733283010111595,1.5335107179762075,0.12231278378384511,liquid_staking
FXS,CHESS,0.6656548887050979,0.8730280255407424,3.1118358961033366,0.11615818306548388,liquid_staking
