crypto1,crypto2,HR,correlation,spread_mean,spread_std,categories
PHA,ACA,0.4460878359736374,0.8194344793562806,-0.9564349306997647,0.12511186755200462,Polkadot
PHA,ATA,0.7089490590216099,0.9541457778116735,-0.5648306842330756,0.0653402857133752,Polkadot
PHA,REEF,0.6456146874188896,0.9422967892572637,1.873669790789543,0.07307531060145098,Polkadot
